,equity
1744358400000,0.0
1744372800000,0.0
1744387200000,0.0
1744401600000,0.0
1744416000000,0.0
1744430400000,0.0
1744444800000,0.0
1744459200000,0.0
1744473600000,0.0
1744488000000,0.0
1744502400000,0.0
1744516800000,0.0
1744531200000,0.0
1744545600000,0.0
1744560000000,0.0
1744574400000,0.0
1744588800000,0.0
1744603200000,0.0
1744617600000,0.0
1744632000000,0.0
1744646400000,0.0
1744660800000,0.0
1744675200000,0.0
1744689600000,0.0
1744704000000,0.0
1744718400000,0.0
1744732800000,0.0
1744747200000,0.0
1744761600000,0.0
1744776000000,0.0
1744790400000,0.0
1744804800000,0.0
1744819200000,0.0
1744833600000,0.0
1744848000000,0.0
1744862400000,0.0
1744876800000,0.0
1744891200000,0.0
1744905600000,0.0
1744920000000,0.0
1744934400000,0.0
1744948800000,0.0
1744963200000,0.0
1744977600000,0.0
1744992000000,0.0
1745006400000,0.0
1745020800000,0.0
1745035200000,0.0
1745049600000,0.0
1745064000000,0.0
1745078400000,0.0
1745092800000,0.0
1745107200000,0.0
1745121600000,0.0
1745136000000,-0.19323969355018122
1745150400000,-0.2117663557243433
1745164800000,-0.11675106738354396
1745179200000,-0.10873795102295354
1745193600000,-0.0888846195151794
1745208000000,-0.05996883343504564
1745222400000,-0.05357328546221121
1745236800000,-0.06811328463115701
1745251200000,-0.05365979042936201
1745265600000,-0.039542843763165136
1745280000000,-0.05542367524216843
1745294400000,-0.030180351845840458
1745308800000,-0.030180351845840458
1745323200000,-0.030180351845840458
1745337600000,-0.030180351845840458
1745352000000,-0.030180351845840458
1745366400000,-0.030180351845840458
1745380800000,-0.030180351845840458
1745395200000,-0.030180351845840458
1745409600000,-0.030180351845840458
1745424000000,-0.030180351845840458
1745438400000,-0.030180351845840458
1745452800000,-0.030180351845840458
1745467200000,-0.030180351845840458
1745481600000,-0.030180351845840458
1745496000000,-0.030180351845840458
1745510400000,-0.030180351845840458
1745524800000,-0.030180351845840458
1745539200000,-0.030180351845840458
1745553600000,-0.030180351845840458
1745568000000,-0.030180351845840458
1745582400000,-0.030180351845840458
1745596800000,-0.030180351845840458
1745611200000,-0.030180351845840458
1745625600000,-0.030180351845840458
1745640000000,-0.030180351845840458
1745654400000,-0.030180351845840458
1745668800000,-0.030180351845840458
1745683200000,-0.030180351845840458
1745697600000,-0.030180351845840458
1745712000000,-0.030180351845840458
1745726400000,-0.030180351845840458
1745740800000,-0.030180351845840458
1745755200000,-0.030180351845840458
1745769600000,-0.030180351845840458
1745784000000,-0.030180351845840458
1745798400000,-0.030180351845840458
1745812800000,-0.030180351845840458
1745827200000,-0.030180351845840458
1745841600000,-0.030180351845840458
1745856000000,-0.030180351845840458
1745870400000,-0.030180351845840458
1745884800000,-0.030180351845840458
1745899200000,-0.030180351845840458
1745913600000,-0.030180351845840458
1745928000000,-0.030180351845840458
1745942400000,-0.030180351845840458
1745956800000,-0.030180351845840458
1745971200000,-0.030180351845840458
1745985600000,-0.030180351845840458
1746000000000,-0.030180351845840458
1746014400000,-0.030180351845840458
1746028800000,-0.030180351845840458
1746043200000,-0.030180351845840458
1746057600000,-0.030180351845840458
1746072000000,-0.030180351845840458
1746086400000,-0.030180351845840458
1746100800000,-0.030180351845840458
1746115200000,-0.030180351845840458
1746129600000,-0.030180351845840458
1746144000000,-0.030180351845840458
1746158400000,-0.030180351845840458
1746172800000,-0.030180351845840458
1746187200000,-0.030180351845840458
1746201600000,-0.030180351845840458
1746216000000,-0.030180351845840458
1746230400000,-0.030180351845840458
1746244800000,-0.030180351845840458
1746259200000,-0.030180351845840458
1746273600000,-0.030180351845840458
1746288000000,-0.030180351845840458
1746302400000,-0.030180351845840458
1746316800000,-0.030180351845840458
1746331200000,-0.030180351845840458
1746345600000,-0.030180351845840458
1746360000000,-0.030180351845840458
1746374400000,-0.030180351845840458
1746388800000,-0.030180351845840458
1746403200000,-0.030180351845840458
1746417600000,-0.030180351845840458
1746432000000,-0.030180351845840458
1746446400000,-0.030180351845840458
1746460800000,-0.030180351845840458
1746475200000,-0.030180351845840458
1746489600000,-0.030180351845840458
1746504000000,-0.030180351845840458
1746518400000,-0.030180351845840458
1746532800000,-0.030180351845840458
1746547200000,-0.030180351845840458
1746561600000,-0.030180351845840458
1746576000000,-0.030180351845840458
1746590400000,-0.030180351845840458
1746604800000,-0.030180351845840458
1746619200000,-0.030180351845840458
1746633600000,-0.030180351845840458
1746648000000,-0.030180351845840458
1746662400000,-0.030180351845840458
1746676800000,-0.030180351845840458
1746691200000,-0.030180351845840458
1746705600000,-0.030180351845840458
1746720000000,-0.030180351845840458
1746734400000,-0.030180351845840458
1746748800000,-0.030180351845840458
1746763200000,-0.030180351845840458
1746777600000,-0.030180351845840458
1746792000000,-0.030180351845840458
1746806400000,-0.030180351845840458
1746820800000,-0.030180351845840458
1746835200000,-0.030180351845840458
1746849600000,-0.030180351845840458
1746864000000,-0.030180351845840458
1746878400000,-0.030180351845840458
1746892800000,-0.030180351845840458
1746907200000,-0.030180351845840458
1746921600000,-0.030180351845840458
1746936000000,-0.030180351845840458
1746950400000,-0.030180351845840458
1746964800000,-0.030180351845840458
1746979200000,-0.030180351845840458
1746993600000,-0.030180351845840458
1747008000000,-0.030180351845840458
1747022400000,-0.030180351845840458
1747036800000,-0.030180351845840458
1747051200000,-0.030180351845840458
1747065600000,-0.030180351845840458
1747080000000,-0.030180351845840458
1747094400000,-0.030180351845840458
1747108800000,-0.030180351845840458
1747123200000,-0.030180351845840458
1747137600000,-0.030180351845840458
1747152000000,-0.030180351845840458
1747166400000,-0.030180351845840458
1747180800000,-0.030180351845840458
1747195200000,-0.030180351845840458
1747209600000,-0.030180351845840458
1747224000000,-0.030180351845840458
1747238400000,-0.030180351845840458
1747252800000,-0.030180351845840458
1747267200000,-0.030180351845840458
1747281600000,-0.030180351845840458
1747296000000,-0.030180351845840458
1747310400000,-0.030180351845840458
1747324800000,-0.030180351845840458
1747339200000,-0.030180351845840458
1747353600000,-0.030180351845840458
1747368000000,-0.030180351845840458
1747382400000,-0.030180351845840458
1747396800000,-0.030180351845840458
1747411200000,-0.030180351845840458
1747425600000,-0.030180351845840458
1747440000000,-0.030180351845840458
1747454400000,-0.030180351845840458
1747468800000,-0.030180351845840458
1747483200000,-0.030180351845840458
1747497600000,-0.030180351845840458
1747512000000,-0.030180351845840458
1747526400000,-0.030180351845840458
1747540800000,-0.030180351845840458
1747555200000,-0.030180351845840458
1747569600000,-0.030180351845840458
1747584000000,-0.030180351845840458
1747598400000,-0.030180351845840458
1747612800000,-0.030180351845840458
1747627200000,-0.030180351845840458
1747641600000,-0.030180351845840458
1747656000000,-0.030180351845840458
1747670400000,-0.030180351845840458
1747684800000,-0.030180351845840458
1747699200000,-0.030180351845840458
1747713600000,-0.030180351845840458
1747728000000,-0.030180351845840458
1747742400000,-0.030180351845840458
1747756800000,-0.030180351845840458
1747771200000,-0.030180351845840458
1747785600000,-0.030180351845840458
1747800000000,-0.030180351845840458
1747814400000,-0.030180351845840458
1747828800000,-0.030180351845840458
1747843200000,-0.030180351845840458
1747857600000,-0.030180351845840458
1747872000000,-0.030180351845840458
1747886400000,-0.030180351845840458
1747900800000,-0.030180351845840458
1747915200000,-0.030180351845840458
1747929600000,-0.030180351845840458
1747944000000,-0.030180351845840458
1747958400000,-0.030180351845840458
1747972800000,-0.030180351845840458
1747987200000,-0.030180351845840458
1748001600000,-0.030180351845840458
1748016000000,-0.030180351845840458
1748030400000,-0.030180351845840458
1748044800000,-0.030180351845840458
1748059200000,-0.030180351845840458
1748073600000,-0.030180351845840458
1748088000000,-0.030180351845840458
1748102400000,-0.030180351845840458
1748116800000,-0.030180351845840458
1748131200000,-0.030180351845840458
1748145600000,-0.030180351845840458
1748160000000,-0.030180351845840458
1748174400000,-0.030180351845840458
1748188800000,-0.030180351845840458
1748203200000,-0.030180351845840458
1748217600000,-0.030180351845840458
1748232000000,-0.030180351845840458
1748246400000,-0.030180351845840458
1748260800000,-0.030180351845840458
1748275200000,-0.030180351845840458
1748289600000,-0.030180351845840458
1748304000000,-0.030180351845840458
1748318400000,-0.030180351845840458
1748332800000,-0.030180351845840458
1748347200000,-0.030180351845840458
1748361600000,-0.030180351845840458
1748376000000,-0.030180351845840458
1748390400000,-0.030180351845840458
1748404800000,-0.030180351845840458
1748419200000,-0.030180351845840458
1748433600000,-0.030180351845840458
1748448000000,-0.030180351845840458
1748462400000,-0.030180351845840458
1748476800000,-0.030180351845840458
1748491200000,-0.030180351845840458
1748505600000,-0.030180351845840458
1748520000000,-0.030180351845840458
1748534400000,-0.030180351845840458
1748548800000,-0.030180351845840458
1748563200000,-0.030180351845840458
1748577600000,-0.030180351845840458
1748592000000,-0.17740914486068696
1748606400000,-0.16291208563109935
1748620800000,-0.15996943276426903
1748635200000,-0.1662978491552797
1748649600000,-0.10420196191472145
1748664000000,-0.07002433624166712
1748678400000,-0.07002433624166712
1748692800000,-0.07002433624166712
1748707200000,-0.07002433624166712
1748721600000,-0.07002433624166712
1748736000000,-0.07002433624166712
1748750400000,-0.07002433624166712
1748764800000,-0.07002433624166712
1748779200000,-0.07002433624166712
1748793600000,-0.07002433624166712
1748808000000,-0.07002433624166712
1748822400000,-0.07002433624166712
1748836800000,-0.07002433624166712
1748851200000,-0.07002433624166712
1748865600000,-0.07002433624166712
1748880000000,-0.07002433624166712
1748894400000,-0.07002433624166712
1748908800000,-0.07002433624166712
1748923200000,-0.07002433624166712
1748937600000,-0.07002433624166712
1748952000000,-0.07002433624166712
1748966400000,-0.07002433624166712
1748980800000,-0.07002433624166712
1748995200000,-0.07002433624166712
1749009600000,-0.07002433624166712
1749024000000,-0.07002433624166712
1749038400000,-0.07002433624166712
1749052800000,-0.07002433624166712
1749067200000,-0.07002433624166712
1749081600000,-0.07002433624166712
1749096000000,-0.07002433624166712
1749110400000,-0.07002433624166712
1749124800000,-0.07002433624166712
1749139200000,-0.07002433624166712
1749153600000,-0.07002433624166712
1749168000000,-0.07002433624166712
1749182400000,-0.07002433624166712
1749196800000,-0.07002433624166712
1749211200000,-0.07002433624166712
1749225600000,-0.07002433624166712
1749240000000,-0.07002433624166712
1749254400000,-0.07002433624166712
1749268800000,-0.07002433624166712
1749283200000,-0.07002433624166712
1749297600000,-0.07002433624166712
1749312000000,-0.07002433624166712
1749326400000,-0.07002433624166712
1749340800000,-0.07002433624166712
1749355200000,-0.07002433624166712
1749369600000,-0.07002433624166712
1749384000000,-0.07002433624166712
1749398400000,-0.07002433624166712
1749412800000,-0.07002433624166712
1749427200000,-0.07002433624166712
1749441600000,-0.07002433624166712
1749456000000,-0.07002433624166712
1749470400000,-0.07002433624166712
1749484800000,-0.07002433624166712
1749499200000,-0.07002433624166712
1749513600000,-0.07002433624166712
1749528000000,-0.07002433624166712
1749542400000,-0.07002433624166712
1749556800000,-0.07002433624166712
1749571200000,-0.07002433624166712
1749585600000,-0.07002433624166712
1749600000000,-0.07002433624166712
1749614400000,-0.07002433624166712
1749628800000,-0.07002433624166712
1749643200000,-0.07002433624166712
1749657600000,-0.07002433624166712
1749672000000,-0.07002433624166712
1749686400000,-0.07002433624166712
1749700800000,-0.07002433624166712
1749715200000,-0.07002433624166712
1749729600000,-0.07002433624166712
1749744000000,-0.07002433624166712
1749758400000,-0.07002433624166712
1749772800000,-0.07002433624166712
1749787200000,-0.07002433624166712
1749801600000,-0.07002433624166712
1749816000000,-0.07002433624166712
1749830400000,-0.07002433624166712
1749844800000,-0.07002433624166712
1749859200000,-0.07002433624166712
1749873600000,-0.07002433624166712
1749888000000,-0.07002433624166712
1749902400000,-0.07002433624166712
1749916800000,-0.07002433624166712
1749931200000,-0.07002433624166712
1749945600000,-0.07002433624166712
1749960000000,-0.07002433624166712
1749974400000,-0.07002433624166712
1749988800000,-0.07002433624166712
1750003200000,-0.07002433624166712
1750017600000,-0.07002433624166712
1750032000000,-0.07002433624166712
1750046400000,-0.07002433624166712
1750060800000,-0.07002433624166712
1750075200000,-0.07002433624166712
1750089600000,-0.07002433624166712
1750104000000,-0.07002433624166712
1750118400000,-0.07002433624166712
1750132800000,-0.07002433624166712
1750147200000,-0.07002433624166712
1750161600000,-0.07002433624166712
1750176000000,-0.07002433624166712
1750190400000,-0.07002433624166712
1750204800000,-0.07002433624166712
1750219200000,-0.07002433624166712
1750233600000,-0.07002433624166712
1750248000000,-0.07002433624166712
1750262400000,-0.07002433624166712
1750276800000,-0.07002433624166712
1750291200000,-0.07002433624166712
1750305600000,-0.07002433624166712
1750320000000,-0.07002433624166712
1750334400000,-0.07002433624166712
1750348800000,-0.07002433624166712
1750363200000,-0.07002433624166712
1750377600000,-0.07002433624166712
1750392000000,-0.07002433624166712
1750406400000,-0.07002433624166712
1750420800000,-0.07002433624166712
1750435200000,-0.07002433624166712
1750449600000,-0.07002433624166712
1750464000000,-0.07002433624166712
1750478400000,-0.07002433624166712
1750492800000,-0.07002433624166712
1750507200000,-0.07002433624166712
1750521600000,-0.07002433624166712
1750536000000,-0.07002433624166712
1750550400000,-0.07002433624166712
1750564800000,-0.07002433624166712
1750579200000,-0.07002433624166712
1750593600000,-0.07002433624166712
1750608000000,-0.07002433624166712
1750622400000,-0.07002433624166712
1750636800000,-0.07002433624166712
1750651200000,-0.07002433624166712
1750665600000,-0.07002433624166712
1750680000000,-0.07002433624166712
1750694400000,-0.07002433624166712
1750708800000,-0.07002433624166712
1750723200000,-0.07002433624166712
1750737600000,-0.07002433624166712
1750752000000,-0.07002433624166712
1750766400000,-0.07002433624166712
1750780800000,-0.07002433624166712
1750795200000,-0.07002433624166712
1750809600000,-0.07002433624166712
1750824000000,-0.07002433624166712
1750838400000,-0.07002433624166712
1750852800000,-0.07002433624166712
1750867200000,-0.07002433624166712
1750881600000,-0.07002433624166712
1750896000000,-0.07002433624166712
1750910400000,-0.07002433624166712
1750924800000,-0.07002433624166712
1750939200000,-0.07002433624166712
1750953600000,-0.07002433624166712
1750968000000,-0.07002433624166712
1750982400000,-0.07002433624166712
1750996800000,-0.07002433624166712
1751011200000,-0.07002433624166712
1751025600000,-0.07002433624166712
1751040000000,-0.07002433624166712
1751054400000,-0.07002433624166712
1751068800000,-0.07002433624166712
1751083200000,-0.07002433624166712
1751097600000,-0.07002433624166712
1751112000000,-0.07002433624166712
1751126400000,-0.07002433624166712
1751140800000,-0.07002433624166712
1751155200000,-0.14054947397054776
1751169600000,-0.14432520097725812
1751184000000,-0.23597346256427865
1751198400000,-0.18211619021132902
1751212800000,-0.15725511228141476
1751227200000,-0.1290648975767197
1751241600000,-0.15139848187353783
1751256000000,-0.13137792637181483
1751270400000,-0.11869988633862563
1751284800000,-0.12259462844979858
1751299200000,-0.09167302652496051
1751313600000,-0.10929693274080594
1751328000000,-0.09774436482823803
1751342400000,-0.1011424467191064
1751356800000,-0.09979496732058404
1751371200000,-0.12100507039540567
1751385600000,-0.1150024538695177
1751400000000,-0.10819588167621105
1751414400000,-0.09659748030350185
1751428800000,-0.09395019555836025
1751443200000,-0.09196928949256813
1751457600000,-0.1078502966126686
1751472000000,-0.0720001406679383
1751486400000,-0.0869386621411574
1751500800000,-0.08280161381169261
1751515200000,-0.06311449150536495
1751529600000,-0.06311449150536495
1751544000000,-0.06311449150536495
1751558400000,-0.06311449150536495
1751572800000,-0.06311449150536495
1751587200000,-0.06311449150536495
1751601600000,-0.06311449150536495
1751616000000,-0.06311449150536495
1751630400000,-0.06311449150536495
1751644800000,-0.06311449150536495
1751659200000,-0.06311449150536495
1751673600000,-0.06311449150536495
1751688000000,-0.06311449150536495
1751702400000,-0.06311449150536495
1751716800000,-0.06311449150536495
1751731200000,-0.06311449150536495
1751745600000,-0.06311449150536495
1751760000000,-0.06311449150536495
1751774400000,-0.06311449150536495
1751788800000,-0.06311449150536495
1751803200000,-0.06311449150536495
1751817600000,-0.06311449150536495
1751832000000,-0.06311449150536495
1751846400000,-0.06311449150536495
1751860800000,-0.06311449150536495
1751875200000,-0.06311449150536495
1751889600000,-0.06311449150536495
1751904000000,-0.06311449150536495
1751918400000,-0.06311449150536495
1751932800000,-0.06311449150536495
1751947200000,-0.06311449150536495
1751961600000,-0.06311449150536495
1751976000000,-0.06311449150536495
1751990400000,-0.06311449150536495
1752004800000,-0.06311449150536495
1752019200000,-0.06311449150536495
1752033600000,-0.06311449150536495
1752048000000,-0.06311449150536495
1752062400000,-0.06311449150536495
1752076800000,-0.06311449150536495
1752091200000,-0.06311449150536495
1752105600000,-0.06311449150536495
1752120000000,-0.06311449150536495
1752134400000,-0.06311449150536495
1752148800000,-0.06311449150536495
1752163200000,-0.06311449150536495
1752177600000,-0.06311449150536495
1752192000000,-0.06311449150536495
1752206400000,-0.06311449150536495
1752220800000,-0.06311449150536495
1752235200000,-0.06311449150536495
1752249600000,-0.06311449150536495
1752264000000,-0.06311449150536495
1752278400000,-0.06311449150536495
1752292800000,-0.06311449150536495
1752307200000,-0.06311449150536495
1752321600000,-0.06311449150536495
1752336000000,-0.06311449150536495
1752350400000,-0.06311449150536495
1752364800000,-0.06311449150536495
1752379200000,-0.06311449150536495
1752393600000,-0.06311449150536495
1752408000000,-0.06311449150536495
1752422400000,-0.06311449150536495
1752436800000,-0.06311449150536495
1752451200000,-0.06311449150536495
1752465600000,-0.06311449150536495
1752480000000,-0.06311449150536495
1752494400000,-0.06311449150536495
1752508800000,-0.06311449150536495
1752523200000,-0.06311449150536495
1752537600000,-0.06311449150536495
1752552000000,-0.06311449150536495
1752566400000,-0.06311449150536495
1752580800000,-0.06311449150536495
1752595200000,-0.06311449150536495
1752609600000,-0.06311449150536495
1752624000000,-0.06311449150536495
1752638400000,-0.06311449150536495
1752652800000,-0.06311449150536495
1752667200000,-0.06311449150536495
1752681600000,-0.06311449150536495
1752696000000,-0.06311449150536495
1752710400000,-0.06311449150536495
1752724800000,-0.06311449150536495
1752739200000,-0.06311449150536495
1752753600000,-0.06311449150536495
1752768000000,-0.06311449150536495
1752782400000,-0.06311449150536495
1752796800000,-0.06311449150536495
1752811200000,-0.06311449150536495
1752825600000,-0.06311449150536495
1752840000000,-0.06311449150536495
1752854400000,-0.06311449150536495
1752868800000,-0.06311449150536495
1752883200000,-0.06311449150536495
1752897600000,-0.06311449150536495
1752912000000,-0.06311449150536495
1752926400000,-0.06311449150536495
1752940800000,-0.06311449150536495
1752955200000,-0.06311449150536495
1752969600000,-0.06311449150536495
1752984000000,-0.06311449150536495
1752998400000,-0.06311449150536495
1753012800000,-0.06311449150536495
1753027200000,-0.06311449150536495
1753041600000,-0.06311449150536495
1753056000000,-0.06311449150536495
1753070400000,-0.06311449150536495
1753084800000,-0.06311449150536495
1753099200000,-0.06311449150536495
1753113600000,-0.06311449150536495
1753128000000,-0.06311449150536495
1753142400000,-0.06311449150536495
1753156800000,-0.06311449150536495
1753171200000,-0.06311449150536495
1753185600000,-0.06311449150536495
1753200000000,-0.06311449150536495
1753214400000,-0.06311449150536495
1753228800000,-0.06311449150536495
1753243200000,-0.06311449150536495
1753257600000,-0.06311449150536495
1753272000000,-0.06311449150536495
1753286400000,-0.06311449150536495
1753300800000,-0.06311449150536495
1753315200000,-0.06311449150536495
1753329600000,-0.06311449150536495
1753344000000,-0.06311449150536495
1753358400000,-0.06311449150536495
1753372800000,-0.06311449150536495
1753387200000,-0.06311449150536495
1753401600000,-0.06311449150536495
1753416000000,-0.06311449150536495
1753430400000,-0.06311449150536495
1753444800000,-0.06311449150536495
1753459200000,-0.06311449150536495
1753473600000,-0.06311449150536495
1753488000000,-0.06311449150536495
1753502400000,-0.06311449150536495
1753516800000,-0.06311449150536495
1753531200000,-0.06311449150536495
1753545600000,-0.06311449150536495
1753560000000,-0.06311449150536495
1753574400000,-0.06311449150536495
1753588800000,-0.06311449150536495
1753603200000,-0.06311449150536495
1753617600000,-0.06311449150536495
1753632000000,-0.06311449150536495
1753646400000,-0.06311449150536495
1753660800000,-0.06311449150536495
1753675200000,-0.06311449150536495
1753689600000,-0.06311449150536495
1753704000000,-0.06311449150536495
1753718400000,-0.06311449150536495
1753732800000,-0.06311449150536495
1753747200000,-0.06311449150536495
1753761600000,-0.06311449150536495
1753776000000,-0.06311449150536495
1753790400000,-0.06311449150536495
1753804800000,-0.06311449150536495
1753819200000,-0.06311449150536495
1753833600000,-0.06311449150536495
1753848000000,-0.06311449150536495
1753862400000,-0.06311449150536495
1753876800000,-0.06311449150536495
1753891200000,-0.06311449150536495
1753905600000,-0.06311449150536495
1753920000000,-0.06311449150536495
1753934400000,-0.06311449150536495
1753948800000,-0.06311449150536495
1753963200000,-0.06311449150536495
1753977600000,-0.06311449150536495
1753992000000,-0.06311449150536495
1754006400000,-0.06311449150536495
1754020800000,-0.06311449150536495
1754035200000,-0.06311449150536495
1754049600000,-0.06311449150536495
1754064000000,-0.06311449150536495
1754078400000,-0.06311449150536495
1754092800000,-0.06311449150536495
1754107200000,-0.06311449150536495
1754121600000,-0.06311449150536495
1754136000000,-0.06311449150536495
1754150400000,-0.06311449150536495
1754164800000,-0.06311449150536495
1754179200000,-0.06311449150536495
1754193600000,-0.06311449150536495
1754208000000,-0.06311449150536495
1754222400000,-0.06311449150536495
1754236800000,-0.06311449150536495
1754251200000,-0.06311449150536495
1754265600000,-0.06311449150536495
1754280000000,-0.06311449150536495
1754294400000,-0.06311449150536495
1754308800000,-0.06311449150536495
1754323200000,-0.06311449150536495
1754337600000,-0.06311449150536495
1754352000000,-0.06311449150536495
1754366400000,-0.06311449150536495
1754380800000,-0.06311449150536495
1754395200000,-0.06311449150536495
1754409600000,-0.06311449150536495
1754424000000,-0.06311449150536495
1754438400000,-0.06311449150536495
1754452800000,-0.06311449150536495
1754467200000,-0.06311449150536495
1754481600000,-0.06311449150536495
1754496000000,-0.06311449150536495
1754510400000,-0.06311449150536495
1754524800000,-0.06311449150536495
1754539200000,-0.06311449150536495
1754553600000,-0.06311449150536495
1754568000000,-0.06311449150536495
1754582400000,-0.06311449150536495
1754596800000,-0.06311449150536495
1754611200000,-0.06311449150536495
1754625600000,-0.06311449150536495
1754640000000,-0.06311449150536495
1754654400000,-0.06311449150536495
1754668800000,-0.06311449150536495
1754683200000,-0.06311449150536495
1754697600000,-0.06311449150536495
1754712000000,-0.06311449150536495
1754726400000,-0.06311449150536495
1754740800000,-0.06311449150536495
1754755200000,-0.06311449150536495
1754769600000,-0.06311449150536495
1754784000000,-0.06311449150536495
1754798400000,-0.06311449150536495
1754812800000,-0.06311449150536495
1754827200000,-0.06311449150536495
1754841600000,-0.06311449150536495
1754856000000,-0.06311449150536495
1754870400000,-0.06311449150536495
1754884800000,-0.06311449150536495
1754899200000,-0.06311449150536495
1754913600000,-0.06311449150536495
1754928000000,-0.06311449150536495
1754942400000,-0.06311449150536495
1754956800000,-0.06311449150536495
1754971200000,-0.06311449150536495
1754985600000,-0.06311449150536495
1755000000000,-0.06311449150536495
1755014400000,-0.06311449150536495
1755028800000,-0.06311449150536495
1755043200000,-0.06311449150536495
1755057600000,-0.06311449150536495
1755072000000,-0.06311449150536495
1755086400000,-0.06311449150536495
1755100800000,-0.06311449150536495
1755115200000,-0.06311449150536495
1755129600000,-0.14241085526264596
1755144000000,-0.18563383393788363
1755158400000,-0.1594660663437364
1755172800000,-0.17665394430603068
1755187200000,-0.17818172836127666
1755201600000,-0.2122333768457736
1755216000000,-0.18776459491494815
1755230400000,-0.2030824116209747
1755244800000,-0.19618650489231856
1755259200000,-0.21231832174168594
1755273600000,-0.21807016644863988
1755288000000,-0.2098773793093156
1755302400000,-0.21766469922255466
1755316800000,-0.2101525719545282
1755331200000,-0.14288510809385296
1755345600000,-0.10496031291270988
1755360000000,-0.07419841654832017
1755374400000,-0.07419841654832017
1755388800000,-0.07419841654832017
1755403200000,-0.07419841654832017
1755417600000,-0.07419841654832017
1755432000000,-0.07419841654832017
1755446400000,-0.07419841654832017
1755460800000,-0.07419841654832017
1755475200000,-0.07419841654832017
1755489600000,-0.07419841654832017
1755504000000,-0.07419841654832017
1755518400000,-0.07419841654832017
1755532800000,-0.07419841654832017
1755547200000,-0.07419841654832017
1755561600000,-0.07419841654832017
1755576000000,-0.07419841654832017
1755590400000,-0.07419841654832017
1755604800000,-0.07419841654832017
1755619200000,-0.07419841654832017
1755633600000,-0.07419841654832017
1755648000000,-0.07419841654832017
1755662400000,-0.07419841654832017
1755676800000,-0.09958969800458986
1755691200000,-0.147387486319244
1755705600000,-0.07904290727247988
1755720000000,-0.05856707933698749
1755734400000,-0.07195876314224196
1755748800000,-0.10669580961711492
1755763200000,-0.08203183024345868
1755777600000,-0.05427817504375333
1755792000000,-0.04803593335438307
1755806400000,-0.05040778575089066
1755820800000,-0.03951063429503003
1755835200000,-0.05306943935243878
1755849600000,-0.04934722529591171
1755864000000,-0.01002553663429901
1755878400000,-0.0006948520632196545
1755892800000,0.008687265170638826
1755907200000,0.008687265170638826
1755921600000,0.008687265170638826
1755936000000,0.008687265170638826
1755950400000,0.008687265170638826
1755964800000,0.008687265170638826
1755979200000,0.008687265170638826
1755993600000,0.008687265170638826
1756008000000,0.008687265170638826
1756022400000,0.008687265170638826
1756036800000,0.008687265170638826
1756051200000,0.008687265170638826
1756065600000,0.008687265170638826
1756080000000,0.008687265170638826
1756094400000,0.008687265170638826
1756108800000,0.008687265170638826
1756123200000,0.008687265170638826
1756137600000,0.008687265170638826
1756152000000,0.008687265170638826
1756166400000,0.008687265170638826
1756180800000,0.008687265170638826
1756195200000,0.008687265170638826
1756209600000,0.008687265170638826
1756224000000,0.008687265170638826
1756238400000,0.008687265170638826
1756252800000,0.008687265170638826
1756267200000,0.008687265170638826
1756281600000,0.008687265170638826
1756296000000,0.008687265170638826
1756310400000,0.008687265170638826
1756324800000,0.008687265170638826
1756339200000,0.008687265170638826
1756353600000,0.008687265170638826
1756368000000,0.008687265170638826
1756382400000,0.008687265170638826
1756396800000,0.008687265170638826
1756411200000,0.008687265170638826
1756425600000,0.008687265170638826
1756440000000,0.008687265170638826
1756454400000,0.008687265170638826
1756468800000,0.008687265170638826
1756483200000,0.008687265170638826
1756497600000,0.008687265170638826
1756512000000,0.008687265170638826
1756526400000,0.008687265170638826
1756540800000,0.008687265170638826
1756555200000,0.008687265170638826
1756569600000,0.008687265170638826
1756584000000,0.008687265170638826
1756598400000,0.008687265170638826
1756612800000,0.008687265170638826
1756627200000,0.008687265170638826
1756641600000,0.008687265170638826
1756656000000,0.008687265170638826
1756670400000,0.008687265170638826
1756684800000,0.008687265170638826
1756699200000,0.008687265170638826
1756713600000,0.008687265170638826
1756728000000,0.008687265170638826
1756742400000,0.008687265170638826
1756756800000,0.008687265170638826
1756771200000,0.008687265170638826
1756785600000,0.008687265170638826
1756800000000,0.008687265170638826
1756814400000,0.008687265170638826
1756828800000,0.008687265170638826
1756843200000,0.008687265170638826
1756857600000,0.008687265170638826
1756872000000,0.008687265170638826
1756886400000,0.008687265170638826
1756900800000,0.008687265170638826
1756915200000,0.008687265170638826
1756929600000,0.008687265170638826
1756944000000,0.008687265170638826
1756958400000,0.008687265170638826
1756972800000,0.008687265170638826
1756987200000,0.008687265170638826
1757001600000,0.008687265170638826
1757016000000,0.008687265170638826
1757030400000,0.008687265170638826
1757044800000,0.008687265170638826
1757059200000,0.008687265170638826
1757073600000,0.008687265170638826
1757088000000,0.008687265170638826
1757102400000,0.008687265170638826
1757116800000,0.008687265170638826
1757131200000,0.008687265170638826
1757145600000,0.008687265170638826
1757160000000,0.008687265170638826
1757174400000,0.008687265170638826
1757188800000,0.008687265170638826
1757203200000,0.008687265170638826
1757217600000,0.008687265170638826
1757232000000,0.008687265170638826
1757246400000,0.008687265170638826
1757260800000,0.008687265170638826
1757275200000,0.008687265170638826
1757289600000,0.008687265170638826
1757304000000,0.008687265170638826
1757318400000,0.008687265170638826
1757332800000,0.008687265170638826
1757347200000,0.008687265170638826
1757361600000,0.008687265170638826
1757376000000,0.008687265170638826
1757390400000,0.008687265170638826
1757404800000,0.008687265170638826
1757419200000,0.008687265170638826
1757433600000,0.008687265170638826
1757448000000,0.008687265170638826
1757462400000,0.008687265170638826
1757476800000,0.008687265170638826
1757491200000,0.008687265170638826
1757505600000,0.008687265170638826
1757520000000,0.008687265170638826
1757534400000,0.008687265170638826
1757548800000,0.008687265170638826
1757563200000,0.008687265170638826
1757577600000,0.008687265170638826
1757592000000,0.008687265170638826
1757606400000,0.008687265170638826
1757620800000,0.008687265170638826
1757635200000,0.008687265170638826
1757649600000,0.008687265170638826
1757664000000,0.008687265170638826
1757678400000,0.008687265170638826
1757692800000,0.008687265170638826
1757707200000,0.008687265170638826
1757721600000,0.008687265170638826
1757736000000,0.008687265170638826
1757750400000,0.008687265170638826
1757764800000,0.008687265170638826
1757779200000,0.008687265170638826
1757793600000,0.008687265170638826
1757808000000,0.008687265170638826
1757822400000,0.008687265170638826
1757836800000,0.008687265170638826
1757851200000,0.008687265170638826
1757865600000,0.008687265170638826
1757880000000,0.008687265170638826
1757894400000,0.008687265170638826
1757908800000,0.008687265170638826
1757923200000,0.008687265170638826
1757937600000,0.008687265170638826
1757952000000,0.008687265170638826
1757966400000,0.008687265170638826
1757980800000,0.008687265170638826
1757995200000,0.008687265170638826
1758009600000,0.008687265170638826
1758024000000,0.008687265170638826
1758038400000,0.008687265170638826
1758052800000,0.008687265170638826
1758067200000,0.008687265170638826
1758081600000,0.008687265170638826
1758096000000,0.008687265170638826
1758110400000,0.008687265170638826
1758124800000,0.008687265170638826
1758139200000,0.008687265170638826
1758153600000,0.008687265170638826
1758168000000,0.008687265170638826
1758182400000,0.008687265170638826
1758196800000,0.008687265170638826
1758211200000,0.008687265170638826
1758225600000,0.008687265170638826
1758240000000,0.008687265170638826
1758254400000,0.008687265170638826
1758268800000,0.008687265170638826
1758283200000,0.008687265170638826
1758297600000,0.008687265170638826
1758312000000,0.008687265170638826
1758326400000,0.008687265170638826
1758340800000,0.008687265170638826
1758355200000,0.008687265170638826
1758369600000,0.008687265170638826
1758384000000,0.008687265170638826
1758398400000,0.008687265170638826
1758412800000,0.008687265170638826
1758427200000,0.008687265170638826
1758441600000,0.008687265170638826
1758456000000,0.008687265170638826
1758470400000,0.008687265170638826
1758484800000,0.008687265170638826
1758499200000,0.008687265170638826
1758513600000,0.008687265170638826
1758528000000,0.008687265170638826
1758542400000,0.008687265170638826
1758556800000,0.008687265170638826
1758571200000,0.008687265170638826
1758585600000,0.008687265170638826
1758600000000,0.008687265170638826
1758614400000,0.008687265170638826
1758628800000,0.008687265170638826
1758643200000,0.008687265170638826
1758657600000,0.008687265170638826
1758672000000,0.008687265170638826
1758686400000,0.008687265170638826
1758700800000,0.008687265170638826
1758715200000,0.008687265170638826
1758729600000,0.008687265170638826
1758744000000,0.008687265170638826
1758758400000,0.008687265170638826
1758772800000,0.008687265170638826
1758787200000,0.008687265170638826
1758801600000,0.008687265170638826
1758816000000,0.008687265170638826
1758830400000,0.008687265170638826
1758844800000,0.008687265170638826
1758859200000,0.008687265170638826
1758873600000,0.008687265170638826
1758888000000,0.008687265170638826
1758902400000,0.008687265170638826
1758916800000,0.008687265170638826
1758931200000,0.008687265170638826
1758945600000,0.008687265170638826
1758960000000,0.008687265170638826
1758974400000,0.008687265170638826
1758988800000,0.008687265170638826
1759003200000,0.008687265170638826
1759017600000,0.008687265170638826
1759032000000,0.008687265170638826
1759046400000,0.008687265170638826
1759060800000,0.008687265170638826
1759075200000,0.008687265170638826
1759089600000,0.008687265170638826
1759104000000,0.008687265170638826
1759118400000,0.008687265170638826
1759132800000,0.008687265170638826
1759147200000,0.008687265170638826
1759161600000,0.008687265170638826
1759176000000,0.008687265170638826
1759190400000,0.008687265170638826
1759204800000,0.008687265170638826
1759219200000,0.008687265170638826
1759233600000,0.008687265170638826
1759248000000,0.008687265170638826
1759262400000,0.008687265170638826
1759276800000,0.008687265170638826
1759291200000,0.008687265170638826
1759305600000,0.008687265170638826
1759320000000,0.008687265170638826
1759334400000,0.008687265170638826
1759348800000,0.008687265170638826
1759363200000,0.008687265170638826
1759377600000,0.008687265170638826
1759392000000,0.008687265170638826
1759406400000,0.008687265170638826
1759420800000,0.008687265170638826
1759435200000,0.008687265170638826
1759449600000,0.008687265170638826
1759464000000,0.008687265170638826
1759478400000,0.008687265170638826
1759492800000,0.008687265170638826
1759507200000,0.008687265170638826
1759521600000,0.008687265170638826
1759536000000,0.008687265170638826
1759550400000,0.008687265170638826
1759564800000,0.008687265170638826
1759579200000,0.008687265170638826
1759593600000,0.008687265170638826
1759608000000,0.008687265170638826
1759622400000,0.008687265170638826
1759636800000,0.008687265170638826
1759651200000,0.008687265170638826
1759665600000,0.008687265170638826
1759680000000,0.008687265170638826
1759694400000,0.008687265170638826
1759708800000,0.008687265170638826
1759723200000,0.008687265170638826
1759737600000,0.008687265170638826
1759752000000,0.008687265170638826
1759766400000,0.008687265170638826
1759780800000,0.008687265170638826
1759795200000,0.008687265170638826
1759809600000,0.008687265170638826
1759824000000,0.008687265170638826
1759838400000,0.008687265170638826
1759852800000,0.008687265170638826
1759867200000,0.008687265170638826
1759881600000,0.008687265170638826
1759896000000,0.008687265170638826
1759910400000,0.008687265170638826
1759924800000,0.008687265170638826
1759939200000,0.008687265170638826
1759953600000,0.008687265170638826
1759968000000,0.008687265170638826
1759982400000,0.008687265170638826
1759996800000,0.008687265170638826
1760011200000,0.008687265170638826
1760025600000,0.008687265170638826
1760040000000,0.008687265170638826
1760054400000,0.008687265170638826
1760068800000,0.008687265170638826
1760083200000,0.008687265170638826
1760097600000,0.008687265170638826
1760112000000,0.008687265170638826
1760126400000,0.008687265170638826
1760140800000,0.008687265170638826
1760155200000,0.00028172596649269667
1760169600000,0.002248465417395729
1760184000000,0.02771274524537251
1760198400000,0.03806657653785988
1760212800000,0.0418874854788225
1760227200000,0.0418874854788225
1760241600000,0.0418874854788225
1760256000000,0.0418874854788225
1760270400000,0.0418874854788225
1760284800000,0.0418874854788225
1760299200000,0.0418874854788225
1760313600000,0.0418874854788225
1760328000000,0.0418874854788225
1760342400000,0.0418874854788225
1760356800000,0.0418874854788225
1760371200000,0.0418874854788225
1760385600000,0.0418874854788225
1760400000000,0.0418874854788225
1760414400000,0.0418874854788225
1760428800000,0.0418874854788225
1760443200000,0.0418874854788225
1760457600000,0.0418874854788225
1760472000000,0.0418874854788225
1760486400000,0.0418874854788225
1760500800000,0.0418874854788225
1760515200000,0.0418874854788225
1760529600000,0.0418874854788225
1760544000000,0.0418874854788225
1760558400000,0.0418874854788225
1760572800000,0.0418874854788225
1760587200000,0.0418874854788225
1760601600000,0.0418874854788225
1760616000000,0.0418874854788225
1760630400000,0.0418874854788225
1760644800000,0.0418874854788225
1760659200000,0.0418874854788225
1760673600000,0.0418874854788225
1760688000000,0.0418874854788225
1760702400000,0.0418874854788225
1760716800000,0.0418874854788225
1760731200000,0.0418874854788225
1760745600000,0.0418874854788225
1760760000000,0.0418874854788225
1760774400000,0.0418874854788225
1760788800000,0.0418874854788225
1760803200000,0.0418874854788225
1760817600000,0.0418874854788225
1760832000000,0.0418874854788225
1760846400000,0.0418874854788225
1760860800000,0.0418874854788225
1760875200000,0.0418874854788225
1760889600000,0.0418874854788225
1760904000000,0.0418874854788225
1760918400000,0.0418874854788225
1760932800000,0.0418874854788225
1760947200000,0.0418874854788225
1760961600000,0.0418874854788225
1760976000000,0.0418874854788225
1760990400000,0.0418874854788225
1761004800000,0.0418874854788225
1761019200000,0.0418874854788225
1761033600000,0.0418874854788225
1761048000000,0.0418874854788225
1761062400000,0.0418874854788225
1761076800000,0.0418874854788225
1761091200000,0.0418874854788225
1761105600000,0.0418874854788225
1761120000000,0.0418874854788225
1761134400000,0.0418874854788225
1761148800000,0.0418874854788225
1761163200000,0.0418874854788225
1761177600000,0.0418874854788225
1761192000000,0.0418874854788225
1761206400000,0.0418874854788225
1761220800000,0.0418874854788225
1761235200000,0.0418874854788225
1761249600000,0.0418874854788225
1761264000000,0.0418874854788225
1761278400000,0.0418874854788225
1761292800000,0.0418874854788225
1761307200000,0.0418874854788225
1761321600000,0.0418874854788225
1761336000000,0.0418874854788225
1761350400000,0.0418874854788225
1761364800000,0.0418874854788225
1761379200000,0.0418874854788225
1761393600000,0.0418874854788225
1761408000000,0.0418874854788225
1761422400000,0.0418874854788225
1761436800000,0.0418874854788225
1761451200000,0.0418874854788225
1761465600000,0.0418874854788225
1761480000000,0.0418874854788225
1761494400000,0.0418874854788225
1761508800000,0.0418874854788225
1761523200000,0.0418874854788225
1761537600000,0.0418874854788225
1761552000000,0.0418874854788225
1761566400000,0.0418874854788225
1761580800000,0.0418874854788225
1761595200000,0.0418874854788225
1761609600000,0.0418874854788225
1761624000000,0.0418874854788225
1761638400000,0.0418874854788225
1761652800000,0.0418874854788225
1761667200000,0.0418874854788225
1761681600000,0.0418874854788225
1761696000000,0.0418874854788225
1761710400000,0.0418874854788225
1761724800000,0.0418874854788225
1761739200000,0.0418874854788225
1761753600000,0.0418874854788225
1761768000000,0.0418874854788225
1761782400000,0.0418874854788225
1761796800000,0.0418874854788225
1761811200000,0.0418874854788225
1761825600000,0.0418874854788225
1761840000000,0.0418874854788225
1761854400000,0.0418874854788225
1761868800000,0.0418874854788225
1761883200000,0.0418874854788225
1761897600000,0.0418874854788225
1761912000000,0.0418874854788225
1761926400000,0.0418874854788225
1761940800000,0.0418874854788225
1761955200000,0.0418874854788225
1761969600000,0.0418874854788225
1761984000000,0.0418874854788225
1761998400000,0.0418874854788225
1762012800000,0.0418874854788225
1762027200000,0.0418874854788225
1762041600000,0.0418874854788225
1762056000000,0.0418874854788225
1762070400000,0.0418874854788225
1762084800000,0.0418874854788225
1762099200000,0.0418874854788225
1762113600000,0.0418874854788225
1762128000000,0.0418874854788225
1762142400000,0.0418874854788225
1762156800000,0.0418874854788225
1762171200000,0.0418874854788225
1762185600000,0.0418874854788225
1762200000000,0.0418874854788225
1762214400000,0.0418874854788225
1762228800000,0.0418874854788225
1762243200000,0.0418874854788225
1762257600000,0.0418874854788225
1762272000000,0.0418874854788225
1762286400000,0.0418874854788225
1762300800000,0.0418874854788225
1762315200000,0.0418874854788225
1762329600000,0.0418874854788225
1762344000000,0.0418874854788225
1762358400000,0.0418874854788225
1762372800000,0.0418874854788225
1762387200000,0.0418874854788225
1762401600000,0.0418874854788225
1762416000000,0.0418874854788225
1762430400000,0.0418874854788225
1762444800000,0.0418874854788225
1762459200000,0.0418874854788225
1762473600000,0.0418874854788225
1762488000000,0.0418874854788225
1762502400000,0.0418874854788225
1762516800000,0.0418874854788225
1762531200000,0.0418874854788225
1762545600000,0.0418874854788225
1762560000000,0.0418874854788225
1762574400000,0.0418874854788225
1762588800000,0.0418874854788225
1762603200000,0.0418874854788225
1762617600000,0.0418874854788225
1762632000000,0.0418874854788225
1762646400000,0.0418874854788225
1762660800000,0.0418874854788225
1762675200000,0.0418874854788225
1762689600000,0.0418874854788225
1762704000000,0.0418874854788225
1762718400000,0.0418874854788225
1762732800000,0.0418874854788225
1762747200000,0.0418874854788225
1762761600000,0.0418874854788225
1762776000000,0.0418874854788225
1762790400000,0.0418874854788225
1762804800000,0.0418874854788225
1762819200000,0.0418874854788225
1762833600000,0.0418874854788225
1762848000000,0.0418874854788225
1762862400000,0.0418874854788225
1762876800000,0.0418874854788225
1762891200000,0.0418874854788225
1762905600000,0.0418874854788225
1762920000000,0.0418874854788225
1762934400000,0.0418874854788225
1762948800000,0.0418874854788225
1762963200000,0.0418874854788225
1762977600000,0.0418874854788225
1762992000000,0.0418874854788225
1763006400000,0.0418874854788225
1763020800000,0.0418874854788225
1763035200000,0.0418874854788225
1763049600000,0.0418874854788225
1763064000000,0.0418874854788225
1763078400000,0.0418874854788225
1763092800000,0.0418874854788225
1763107200000,0.0418874854788225
1763121600000,0.0418874854788225
1763136000000,0.0418874854788225
1763150400000,0.0418874854788225
1763164800000,0.0418874854788225
1763179200000,0.0418874854788225
1763193600000,0.0418874854788225
1763208000000,0.0418874854788225
1763222400000,0.0418874854788225
1763236800000,0.0418874854788225
1763251200000,-0.025525026911482326
1763265600000,-0.021621671714411084
1763280000000,-0.005863973411944608
1763294400000,-0.014763356467296308
1763308800000,-0.0021030990512203376
1763323200000,-0.010904828923382709
1763337600000,0.001651833978999779
1763352000000,-0.010666458859826042
1763366400000,-0.009585912679831724
1763380800000,-0.036174978293845986
1763395200000,-0.04105311018590169
1763409600000,-0.04011095629255495
1763424000000,-0.045415642325316335
1763438400000,-0.04785889321891638
1763452800000,-0.029305420299622964
1763467200000,-0.031241746405101474
1763481600000,-0.0330846289561632
1763496000000,-0.0412220664188446
1763510400000,-0.035301054363200315
1763524800000,-0.030676004060600767
1763539200000,-0.038575472047191035
1763553600000,-0.03494812049246218
1763568000000,-0.02774568653638071
1763582400000,-0.019243973747663665
1763596800000,-0.02374430647689569
1763611200000,-0.01607928265669659
1763625600000,-0.0296212105544892
1763640000000,-0.04651025456515277
1763654400000,-0.04781050079352688
1763668800000,-0.0500203475914931
1763683200000,-0.052705867347859994
1763697600000,-0.05490044804234256
1763712000000,-0.041938367180780964
1763726400000,-0.04172349423804004
1763740800000,-0.03262530492560376
1763755200000,-0.05151827149872733
1763769600000,-0.0560088254986041
1763784000000,-0.061920511864245506
1763798400000,-0.06863197614239046
1763812800000,-0.07470862002939829
1763827200000,-0.06718127098853102
1763841600000,-0.062304019071273614
1763856000000,-0.061847238437702276
1763870400000,-0.06608589848052215
1763884800000,-0.06697926599906895
1763899200000,-0.05276099021970625
1763913600000,-0.050495768374062514
1763928000000,-0.05262744870571957
1763942400000,-0.045228195345216285
1763956800000,-0.04427869238998988
1763971200000,-0.05292772560584545
1763985600000,-0.050509122134543324
1764000000000,-0.050636434235228435
1764014400000,-0.052441155021904114
1764028800000,-0.05720023944184488
1764043200000,-0.06003258314775826
1764057600000,-0.07360208713790417
1764072000000,-0.07724322550046167
1764086400000,-0.06562909618928102
1764100800000,-0.07339338049737856
1764115200000,-0.062051094577012966
1764129600000,-0.058299427663247076
1764144000000,-0.06167538162492364
1764158400000,-0.06427659280022377
1764172800000,-0.05630344764704567
1764187200000,-0.04986368793618706
1764201600000,-0.05075799610985918
1764216000000,-0.0460740929149332
1764230400000,-0.05409782945355546
1764244800000,-0.05026111548400259
1764259200000,-0.04935793389632833
1764273600000,-0.042270666493557624
1764288000000,-0.05273001081082494
1764302400000,-0.05975236184380985
1764316800000,-0.06128207809470475
1764331200000,-0.05099051809387396
1764345600000,-0.0711160463220791
1764360000000,-0.07701718508479558
1764374400000,-0.08040525493546784
1764388800000,-0.07417793782926438
1764403200000,-0.06967806842952867
1764417600000,-0.06032950004295862
1764432000000,-0.05844334965220984
1764446400000,-0.06766257543976674
1764460800000,-0.0550693364322379
1764475200000,-0.058752669408942824
1764489600000,-0.05786165593967667
1764504000000,-0.04889274749500527
1764518400000,-0.04889274749500527
1764532800000,-0.04889274749500527
1764547200000,-0.04889274749500527
1764561600000,-0.04889274749500527
1764576000000,-0.04889274749500527
1764590400000,-0.04889274749500527
1764604800000,-0.04889274749500527
1764619200000,-0.04889274749500527
1764633600000,-0.04889274749500527
1764648000000,-0.04889274749500527
1764662400000,-0.04889274749500527
1764676800000,-0.04889274749500527
1764691200000,-0.04889274749500527
1764705600000,-0.04889274749500527
1764720000000,-0.04889274749500527
1764734400000,-0.04889274749500527
1764748800000,-0.04889274749500527
1764763200000,-0.04889274749500527
1764777600000,-0.04889274749500527
1764792000000,-0.04889274749500527
1764806400000,-0.04889274749500527
1764820800000,-0.04889274749500527
1764835200000,-0.04889274749500527
1764849600000,-0.04889274749500527
1764864000000,-0.04889274749500527
1764878400000,-0.04889274749500527
1764892800000,-0.04889274749500527
1764907200000,-0.04889274749500527
1764921600000,-0.04889274749500527
1764936000000,-0.04889274749500527
1764950400000,-0.04889274749500527
1764964800000,-0.04889274749500527
1764979200000,-0.04889274749500527
1764993600000,-0.04889274749500527
1765008000000,-0.04889274749500527
1765022400000,-0.04889274749500527
1765036800000,-0.04889274749500527
1765051200000,-0.04889274749500527
1765065600000,-0.04889274749500527
1765080000000,-0.04889274749500527
1765094400000,-0.04889274749500527
1765108800000,-0.04889274749500527
1765123200000,-0.04889274749500527
1765137600000,-0.04889274749500527
1765152000000,-0.04889274749500527
1765166400000,-0.04889274749500527
1765180800000,-0.04889274749500527
1765195200000,-0.04889274749500527
1765209600000,-0.04889274749500527
1765224000000,-0.04889274749500527
1765238400000,-0.04889274749500527
1765252800000,-0.04889274749500527
1765267200000,-0.04889274749500527
1765281600000,-0.04889274749500527
1765296000000,-0.04889274749500527
1765310400000,-0.04889274749500527
1765324800000,-0.04889274749500527
1765339200000,-0.04889274749500527
1765353600000,-0.04889274749500527
1765368000000,-0.04889274749500527
1765382400000,-0.04889274749500527
1765396800000,-0.04889274749500527
1765411200000,-0.04889274749500527
1765425600000,-0.04889274749500527
1765440000000,-0.04889274749500527
1765454400000,-0.04889274749500527
1765468800000,-0.04889274749500527
1765483200000,-0.04889274749500527
1765497600000,-0.04889274749500527
1765512000000,-0.04889274749500527
1765526400000,-0.04889274749500527
1765540800000,-0.04889274749500527
1765555200000,-0.04889274749500527
1765569600000,-0.04889274749500527
1765584000000,-0.04889274749500527
1765598400000,-0.04889274749500527
1765612800000,-0.04889274749500527
1765627200000,-0.04889274749500527
1765641600000,-0.04889274749500527
1765656000000,-0.04889274749500527
1765670400000,-0.04889274749500527
1765684800000,-0.04889274749500527
1765699200000,-0.04889274749500527
1765713600000,-0.04889274749500527
1765728000000,-0.04889274749500527
1765742400000,-0.04889274749500527
1765756800000,-0.04889274749500527
1765771200000,-0.04889274749500527
1765785600000,-0.04889274749500527
1765800000000,-0.04889274749500527
1765814400000,-0.04889274749500527
1765828800000,-0.04889274749500527
1765843200000,-0.04889274749500527
1765857600000,-0.04889274749500527
1765872000000,-0.04889274749500527
1765886400000,-0.04889274749500527
1765900800000,-0.04889274749500527
1765915200000,-0.04889274749500527
1765929600000,-0.04889274749500527
1765944000000,-0.04889274749500527
1765958400000,-0.04889274749500527
1765972800000,-0.04889274749500527
1765987200000,-0.04889274749500527
1766001600000,-0.04889274749500527
1766016000000,-0.04889274749500527
1766030400000,-0.04889274749500527
1766044800000,-0.04889274749500527
1766059200000,-0.04889274749500527
1766073600000,-0.04889274749500527
1766088000000,-0.04889274749500527
1766102400000,-0.04889274749500527
1766116800000,-0.04889274749500527
1766131200000,-0.04889274749500527
1766145600000,-0.04889274749500527
1766160000000,-0.04889274749500527
1766174400000,-0.04889274749500527
1766188800000,-0.04889274749500527
1766203200000,-0.04889274749500527
1766217600000,-0.04889274749500527
1766232000000,-0.04889274749500527
1766246400000,-0.04889274749500527
1766260800000,-0.04889274749500527
1766275200000,-0.04889274749500527
1766289600000,-0.04889274749500527
1766304000000,-0.04889274749500527
1766318400000,-0.04889274749500527
1766332800000,-0.04889274749500527
1766347200000,-0.04889274749500527
1766361600000,-0.04889274749500527
1766376000000,-0.04889274749500527
1766390400000,-0.04889274749500527
1766404800000,-0.04889274749500527
1766419200000,-0.04889274749500527
1766433600000,-0.04889274749500527
1766448000000,-0.04889274749500527
1766462400000,-0.04889274749500527
1766476800000,-0.04889274749500527
1766491200000,-0.04889274749500527
1766505600000,-0.04889274749500527
1766520000000,-0.04889274749500527
1766534400000,-0.04889274749500527
1766548800000,-0.04889274749500527
1766563200000,-0.04889274749500527
1766577600000,-0.04889274749500527
1766592000000,-0.04889274749500527
1766606400000,-0.04889274749500527
1766620800000,-0.04889274749500527
1766635200000,-0.04889274749500527
1766649600000,-0.04889274749500527
1766664000000,-0.04889274749500527
1766678400000,-0.04889274749500527
1766692800000,-0.04889274749500527
1766707200000,-0.04889274749500527
1766721600000,-0.04889274749500527
1766736000000,-0.04889274749500527
1766750400000,-0.04889274749500527
1766764800000,-0.04889274749500527
1766779200000,-0.04889274749500527
1766793600000,-0.04889274749500527
1766808000000,-0.04889274749500527
1766822400000,-0.04889274749500527
1766836800000,-0.04889274749500527
1766851200000,-0.04889274749500527
1766865600000,-0.04889274749500527
1766880000000,-0.04889274749500527
1766894400000,-0.04889274749500527
1766908800000,-0.04889274749500527
1766923200000,-0.04889274749500527
1766937600000,-0.04889274749500527
1766952000000,-0.04889274749500527
1766966400000,-0.04889274749500527
1766980800000,-0.04889274749500527
1766995200000,-0.04889274749500527
1767009600000,-0.04889274749500527
1767024000000,-0.04889274749500527
1767038400000,-0.07169830224618937
1767052800000,-0.05098715670191491
1767067200000,-0.03934525494647489
1767081600000,-0.03907070537551932
1767096000000,-0.027678603743031178
1767110400000,-0.03207796683235089
1767124800000,-0.032353220176060224
1767139200000,-0.03776655110265527
1767153600000,-0.01972416713568793
1767168000000,-0.023846135150435606
1767182400000,-0.03409914093766278
1767196800000,-0.04652943201597835
1767211200000,-0.04584156425541115
1767225600000,-0.05800698193206494
1767240000000,-0.047252895880567386
1767254400000,-0.028203485596751753
1767268800000,-0.023790702337873497
1767283200000,-0.006934353016666225
1767297600000,-0.006934353016666225
1767312000000,-0.006934353016666225
1767326400000,-0.006934353016666225
1767340800000,-0.006934353016666225
1767355200000,-0.006934353016666225
1767369600000,-0.006934353016666225
1767384000000,-0.006934353016666225
1767398400000,-0.006934353016666225
1767412800000,-0.006934353016666225
1767427200000,-0.006934353016666225
1767441600000,-0.006934353016666225
1767456000000,-0.006934353016666225
1767470400000,-0.006934353016666225
1767484800000,-0.006934353016666225
1767499200000,-0.006934353016666225
1767513600000,-0.006934353016666225
1767528000000,-0.006934353016666225
1767542400000,-0.006934353016666225
1767556800000,-0.006934353016666225
1767571200000,-0.006934353016666225
1767585600000,-0.006934353016666225
1767600000000,-0.006934353016666225
1767614400000,-0.006934353016666225
1767628800000,-0.006934353016666225
1767643200000,-0.006934353016666225
1767657600000,-0.006934353016666225
1767672000000,-0.006934353016666225
1767686400000,-0.006934353016666225
1767700800000,-0.006934353016666225
1767715200000,-0.006934353016666225
1767729600000,-0.006934353016666225
1767744000000,-0.006934353016666225
1767758400000,-0.006934353016666225
1767772800000,-0.006934353016666225
1767787200000,-0.006934353016666225
1767801600000,-0.006934353016666225
1767816000000,-0.006934353016666225
1767830400000,-0.006934353016666225
1767844800000,-0.006934353016666225
1767859200000,-0.006934353016666225
1767873600000,-0.006934353016666225
1767888000000,-0.006934353016666225
1767902400000,-0.006934353016666225
1767916800000,-0.006934353016666225
1767931200000,-0.006934353016666225
1767945600000,-0.006934353016666225
1767960000000,-0.006934353016666225
1767974400000,-0.006934353016666225
1767988800000,-0.006934353016666225
1768003200000,-0.006934353016666225
1768017600000,-0.006934353016666225
1768032000000,-0.006934353016666225
1768046400000,-0.006934353016666225
1768060800000,-0.006934353016666225
1768075200000,-0.006934353016666225
1768089600000,-0.006934353016666225
1768104000000,-0.006934353016666225
1768118400000,-0.006934353016666225
1768132800000,-0.006934353016666225
1768147200000,-0.006934353016666225
1768161600000,-0.006934353016666225
1768176000000,-0.006934353016666225
1768190400000,-0.006934353016666225
1768204800000,-0.006934353016666225
1768219200000,-0.006934353016666225
1768233600000,-0.006934353016666225
1768248000000,-0.006934353016666225
1768262400000,-0.006934353016666225
1768276800000,-0.006934353016666225
1768291200000,-0.006934353016666225
1768305600000,-0.006934353016666225
1768320000000,-0.006934353016666225
1768334400000,-0.006934353016666225
1768348800000,-0.006934353016666225
1768363200000,-0.006934353016666225
1768377600000,-0.006934353016666225
1768392000000,-0.006934353016666225
1768406400000,-0.006934353016666225
1768420800000,-0.006934353016666225
1768435200000,-0.006934353016666225
1768449600000,-0.006934353016666225
1768464000000,-0.006934353016666225
1768478400000,-0.006934353016666225
1768492800000,-0.006934353016666225
1768507200000,-0.006934353016666225
1768521600000,-0.006934353016666225
1768536000000,-0.006934353016666225
1768550400000,-0.006934353016666225
1768564800000,-0.006934353016666225
1768579200000,-0.006934353016666225
1768593600000,-0.006934353016666225
1768608000000,-0.006934353016666225
1768622400000,-0.006934353016666225
1768636800000,-0.006934353016666225
1768651200000,-0.006934353016666225
1768665600000,-0.006934353016666225
1768680000000,-0.006934353016666225
1768694400000,-0.006934353016666225
1768708800000,-0.006934353016666225
1768723200000,-0.006934353016666225
1768737600000,-0.006934353016666225
1768752000000,-0.006934353016666225
1768766400000,-0.006934353016666225
1768780800000,-0.006934353016666225
1768795200000,-0.006934353016666225
1768809600000,-0.006934353016666225
1768824000000,-0.006934353016666225
1768838400000,-0.006934353016666225
1768852800000,-0.006934353016666225
1768867200000,-0.006934353016666225
1768881600000,-0.006934353016666225
1768896000000,-0.006934353016666225
1768910400000,-0.006934353016666225
1768924800000,-0.006934353016666225
1768939200000,-0.006934353016666225
1768953600000,-0.006934353016666225
1768968000000,-0.006934353016666225
1768982400000,-0.006934353016666225
1768996800000,-0.006934353016666225
1769011200000,-0.006934353016666225
1769025600000,-0.006934353016666225
1769040000000,-0.006934353016666225
1769054400000,-0.006934353016666225
1769068800000,-0.006934353016666225
1769083200000,-0.006934353016666225
1769097600000,-0.006934353016666225
1769112000000,-0.006934353016666225
1769126400000,-0.006934353016666225
1769140800000,-0.006934353016666225
1769155200000,-0.006934353016666225
1769169600000,-0.006934353016666225
1769184000000,-0.006934353016666225
1769198400000,-0.006934353016666225
1769212800000,-0.006934353016666225
1769227200000,-0.006934353016666225
1769241600000,-0.006934353016666225
1769256000000,-0.006934353016666225
1769270400000,-0.006934353016666225
1769284800000,-0.006934353016666225
1769299200000,-0.006934353016666225
1769313600000,-0.006934353016666225
1769328000000,-0.006934353016666225
1769342400000,-0.006934353016666225
1769356800000,-0.006934353016666225
1769371200000,-0.006934353016666225
1769385600000,-0.006934353016666225
1769400000000,-0.006934353016666225
1769414400000,-0.006934353016666225
1769428800000,-0.006934353016666225
1769443200000,-0.006934353016666225
1769457600000,-0.006934353016666225
1769472000000,-0.006934353016666225
1769486400000,-0.006934353016666225
1769500800000,-0.006934353016666225
1769515200000,-0.006934353016666225
1769529600000,-0.006934353016666225
1769544000000,-0.006934353016666225
1769558400000,-0.006934353016666225
1769572800000,-0.006934353016666225
1769587200000,-0.006934353016666225
1769601600000,-0.006934353016666225
1769616000000,-0.006934353016666225
1769630400000,-0.006934353016666225
1769644800000,-0.006934353016666225
1769659200000,-0.006934353016666225
1769673600000,-0.006934353016666225
1769688000000,-0.006934353016666225
1769702400000,-0.006934353016666225
1769716800000,-0.006934353016666225
1769731200000,-0.006934353016666225
1769745600000,-0.006934353016666225
1769760000000,-0.006934353016666225
1769774400000,-0.006934353016666225
1769788800000,-0.006934353016666225
1769803200000,-0.006934353016666225
1769817600000,-0.006934353016666225
1769832000000,-0.006934353016666225
1769846400000,-0.006934353016666225
1769860800000,-0.006934353016666225
1769875200000,-0.006934353016666225
1769889600000,-0.006934353016666225
1769904000000,-0.006934353016666225
1769918400000,-0.006934353016666225
1769932800000,-0.006934353016666225
1769947200000,-0.006934353016666225
1769961600000,-0.006934353016666225
1769976000000,-0.006934353016666225
1769990400000,-0.006934353016666225
1770004800000,-0.006934353016666225
1770019200000,-0.006934353016666225
1770033600000,-0.006934353016666225
1770048000000,-0.006934353016666225
1770062400000,-0.006934353016666225
1770076800000,-0.006934353016666225
1770091200000,-0.006934353016666225
1770105600000,-0.006934353016666225
1770120000000,-0.006934353016666225
1770134400000,-0.006934353016666225
1770148800000,-0.006934353016666225
1770163200000,-0.006934353016666225
1770177600000,-0.006934353016666225
1770192000000,-0.006934353016666225
1770206400000,-0.006934353016666225
1770220800000,-0.006934353016666225
1770235200000,-0.006934353016666225
1770249600000,-0.006934353016666225
1770264000000,-0.006934353016666225
1770278400000,-0.006934353016666225
1770292800000,-0.006934353016666225
1770307200000,-0.006934353016666225
1770321600000,-0.006934353016666225
1770336000000,-0.006934353016666225
1770350400000,-0.006934353016666225
1770364800000,-0.006934353016666225
1770379200000,-0.006934353016666225
1770393600000,-0.006934353016666225
1770408000000,-0.006934353016666225
1770422400000,-0.006934353016666225
1770436800000,-0.006934353016666225
1770451200000,-0.006934353016666225
1770465600000,-0.006934353016666225
1770480000000,-0.006934353016666225
1770494400000,-0.006934353016666225
1770508800000,-0.006934353016666225
1770523200000,-0.006934353016666225
1770537600000,-0.006934353016666225
1770552000000,-0.006934353016666225
1770566400000,-0.006934353016666225
1770580800000,-0.006934353016666225
1770595200000,-0.006934353016666225
1770609600000,-0.006934353016666225
1770624000000,-0.006934353016666225
1770638400000,-0.006934353016666225
1770652800000,-0.006934353016666225
1770667200000,-0.006934353016666225
1770681600000,-0.006934353016666225
1770696000000,-0.006934353016666225
1770710400000,-0.006934353016666225
1770724800000,-0.006934353016666225
1770739200000,-0.006934353016666225
1770753600000,-0.006934353016666225
1770768000000,-0.006934353016666225
1770782400000,-0.006934353016666225
1770796800000,-0.006934353016666225
1770811200000,-0.006934353016666225
1770825600000,-0.006934353016666225
1770840000000,-0.006934353016666225
1770854400000,-0.006934353016666225
1770868800000,-0.006934353016666225
1770883200000,-0.006934353016666225
1770897600000,-0.006934353016666225
1770912000000,-0.006934353016666225
1770926400000,-0.006934353016666225
1770940800000,-0.006934353016666225
1770955200000,-0.006934353016666225
1770969600000,-0.006934353016666225
1770984000000,-0.006934353016666225
1770998400000,-0.006934353016666225
1771012800000,-0.006934353016666225
1771027200000,-0.006934353016666225
1771041600000,-0.006934353016666225
1771056000000,-0.006934353016666225
1771070400000,-0.006934353016666225
1771084800000,-0.006934353016666225
1771099200000,-0.006934353016666225
1771113600000,-0.023551211307616473
1771128000000,-0.025915166219513168
1771142400000,-0.006364382577127542
1771156800000,-0.006900052753535498
1771171200000,-0.007402569210005615
1771185600000,-0.012212866268566836
1771200000000,-0.007065061813153337
1771214400000,-0.002195150126413156
1771228800000,-0.006319346423363395
1771243200000,-0.0026304921751247427
1771257600000,0.18458568930461874
1771272000000,0.15119601106675706
1771286400000,0.19688514459736
1771300800000,0.19243668923795465
1771315200000,0.22480800634542877
1771329600000,0.2398168833136692
1771344000000,0.2733311205064781
1771358400000,0.2733311205064781
1771372800000,0.2733311205064781
1771387200000,0.2733311205064781
1771401600000,0.2733311205064781
1771416000000,0.2733311205064781
1771430400000,0.2733311205064781
1771444800000,0.2733311205064781
1771459200000,0.2733311205064781
1771473600000,0.2733311205064781
1771488000000,0.2733311205064781
1771502400000,0.2733311205064781
1771516800000,0.2733311205064781
1771531200000,0.2733311205064781
1771545600000,0.2733311205064781
1771560000000,0.2733311205064781
1771574400000,0.2733311205064781
1771588800000,0.2733311205064781
1771603200000,0.2733311205064781
1771617600000,0.2733311205064781
1771632000000,0.2733311205064781
1771646400000,0.2733311205064781
1771660800000,0.2733311205064781
1771675200000,0.2733311205064781
1771689600000,0.2733311205064781
1771704000000,0.2733311205064781
1771718400000,0.2733311205064781
1771732800000,0.2733311205064781
1771747200000,0.2733311205064781
1771761600000,0.2733311205064781
1771776000000,0.2733311205064781
1771790400000,0.2733311205064781
1771804800000,0.2733311205064781
1771819200000,0.2733311205064781
1771833600000,0.25002964020482404
1771848000000,0.2451961108238509
1771862400000,0.2528361227103872
1771876800000,0.2725235747533038
1771891200000,0.2861610027171593
1771905600000,0.2747293633504797
1771920000000,0.41153580762718317
1771934400000,0.41153580762718317
1771948800000,0.41153580762718317
1771963200000,0.41153580762718317
1771977600000,0.41153580762718317
1771992000000,0.41153580762718317
1772006400000,0.41153580762718317
1772020800000,0.41153580762718317
1772035200000,0.36512156102626947
1772049600000,0.36884944532304786
1772064000000,0.3849244745404254
1772078400000,0.386407393318797
1772092800000,0.39959176562115656
1772107200000,0.38305042349533386
1772121600000,0.3789118811354741
1772136000000,0.37872842043849825
1772150400000,0.3735214430453751
1772164800000,0.3767321100284802
1772179200000,0.37623546795523244
1772193600000,0.3706953147308515
1772208000000,0.3929786031223506
1772222400000,0.39098546811314216
1772236800000,0.38342414923366874
1772251200000,0.379532062861809
1772265600000,0.37205313054791234
1772280000000,0.3797906401331919
1772294400000,0.38376775616446274
1772308800000,0.3898412394589553
1772323200000,0.37874818259374143
1772337600000,0.3781898807810734
1772352000000,0.37538196356157777
1772366400000,0.36195366163330306
1772380800000,0.3748662421977648
1772395200000,0.3748662421977648
1772409600000,0.38791415583869643
1772424000000,0.38979347746153653
1772438400000,0.3961228247746914
1772452800000,0.38756626976087233
1772467200000,0.395586107221102
1772481600000,0.3882892777290809
1772496000000,0.39548398849606425
1772510400000,0.42177168399349296
1772524800000,0.42177168399349296
1772539200000,0.42177168399349296
1772553600000,0.42177168399349296
1772568000000,0.42177168399349296
1772582400000,0.42177168399349296
1772596800000,0.42177168399349296
1772611200000,0.42177168399349296
1772625600000,0.42177168399349296
1772640000000,0.42177168399349296
1772654400000,0.42177168399349296
1772668800000,0.42177168399349296
1772683200000,0.42177168399349296
1772697600000,0.42177168399349296
1772712000000,0.42177168399349296
1772726400000,0.42177168399349296
1772740800000,0.42177168399349296
1772755200000,0.42177168399349296
1772769600000,0.42177168399349296
1772784000000,0.42177168399349296
1772798400000,0.42177168399349296
1772812800000,0.42177168399349296
1772827200000,0.42177168399349296
1772841600000,0.42177168399349296
1772856000000,0.42177168399349296
1772870400000,0.42177168399349296
1772884800000,0.42177168399349296
1772899200000,0.42177168399349296
1772913600000,0.42177168399349296
1772928000000,0.42177168399349296
1772942400000,0.42177168399349296
1772956800000,0.42177168399349296
1772971200000,0.42177168399349296
1772985600000,0.42177168399349296
1773000000000,0.42177168399349296
1773014400000,0.42177168399349296
1773028800000,0.42177168399349296
1773043200000,0.42177168399349296
1773057600000,0.42177168399349296
1773072000000,0.42177168399349296
1773086400000,0.42177168399349296
1773100800000,0.42177168399349296
1773115200000,0.42177168399349296
1773129600000,0.42177168399349296
1773144000000,0.42177168399349296
1773158400000,0.42177168399349296
1773172800000,0.42177168399349296
1773187200000,0.42177168399349296
1773201600000,0.42177168399349296
1773216000000,0.42177168399349296
1773230400000,0.42177168399349296
1773244800000,0.052694618860624265
1773259200000,-0.028215755109017776
1773273600000,0.09149054464152993
1773288000000,0.03076179970225866
